,date,categoria_indice,indice,ponderador,indice_ajustado
30,2024-03-01,Electricidad,100.0,0.0212,2.12
31,2024-03-01,Alquileres,100.0,0.084,8.4
32,2024-03-01,Pan / pastas y cereales,100.0,0.0971,9.71
33,2024-03-01,Prendas de vestir,100.0,0.1273,12.73
34,2024-03-01,Frutas,100.0,0.0251,2.5100000000000002
35,2024-03-01,celulares y pequenos electrodomesticos,100.0,0.0338,3.38
36,2024-03-01,informatica,100.0,0.0203,2.03
37,2024-03-01,Leche/ productos lacteos/ huevos y alimentos vegetales,100.0,0.0748,7.48
38,2024-03-01,Bebidas no alcoholicas,100.0,0.0555,5.55
39,2024-03-01,sin TACC,100.0,0.0081,0.8099999999999999
40,2024-03-01,Bebidas alcoholicas y tabaco,100.0,0.0619,6.1899999999999995
41,2024-03-01,Aceites/ aderezos/ grasas y manteca,100.0,0.0097,0.97
42,2024-03-01,Carnes y derivados,100.0,0.1781,17.810000000000002
43,2024-03-01,limpieza,100.0,0.01970000000000022,1.9700000000000222
44,2024-03-01,Azucar/ dulces/ chocolate/golosinas/ etc.,100.0,0.0227,2.27
45,2024-03-01,Pescados y mariscos,100.0,0.0099,0.9900000000000001
46,2024-03-01,Otros alimentos,100.0,0.0093,0.9299999999999999
47,2024-03-01,Verduras/ tuberculos y legumbres,100.0,0.0544,5.4399999999999995
48,2024-03-01,cuidado oral,100.0,0.0081,0.8099999999999999
49,2024-03-01,Calzado,100.0,0.0466,4.66
50,2024-03-01,farmacia,100.0,0.0162,1.6199999999999999
51,2024-03-01,libreria,100.0,0.0162,1.6199999999999999
52,2024-03-02,Verduras/ tuberculos y legumbres,98.45463210832204,0.0544,5.355931986692719
53,2024-03-02,Prendas de vestir,99.44860689678761,0.1273,12.659807657961062
54,2024-03-02,Carnes y derivados,109.5330994112778,0.1781,19.507845005148578
55,2024-03-02,libreria,100.0,0.0162,1.6199999999999999
56,2024-03-02,celulares y pequenos electrodomesticos,82.42239615211679,0.0338,2.7858769899415474
57,2024-03-02,Pan / pastas y cereales,94.85260070240463,0.0971,9.21018752820349
58,2024-03-02,Leche/ productos lacteos/ huevos y alimentos vegetales,89.69067977084076,0.0748,6.70886284685889
59,2024-03-02,Aceites/ aderezos/ grasas y manteca,100.31952098641146,0.0097,0.9730993535681912
60,2024-03-02,Bebidas no alcoholicas,97.91980243510085,0.0555,5.434549035148097
61,2024-03-02,sin TACC,85.80779618567384,0.0081,0.695043149103958
62,2024-03-02,Bebidas alcoholicas y tabaco,106.05210812925947,0.0619,6.56462549320116
63,2024-03-02,Electricidad,100.0,0.0212,2.12
64,2024-03-02,Frutas,70.5279432656027,0.0251,1.7702513759666278
65,2024-03-02,informatica,100.0,0.0203,2.03
66,2024-03-02,limpieza,100.0,0.01970000000000022,1.9700000000000222
67,2024-03-02,Azucar/ dulces/ chocolate/golosinas/ etc.,52.69671056171775,0.0227,1.196215329750993
68,2024-03-02,Otros alimentos,100.0,0.0093,0.9299999999999999
69,2024-03-02,Alquileres,100.0,0.084,8.4
70,2024-03-02,cuidado oral,76.50221378874129,0.0081,0.6196679316888044
71,2024-03-02,farmacia,101.4556406073535,0.0162,1.6435813778391266
72,2024-03-02,Calzado,100.0,0.0466,4.66
73,2024-03-02,Pescados y mariscos,98.57813128379284,0.0099,0.9759234997095492
74,2024-03-03,Pan / pastas y cereales,91.24576758971781,0.0971,8.859964032961601
75,2024-03-03,Frutas,63.00630400395285,0.0251,1.5814582304992166
76,2024-03-03,Verduras/ tuberculos y legumbres,88.97974324195282,0.0544,4.840498032362233
77,2024-03-03,Prendas de vestir,99.84399377139033,0.1273,12.710140407097988
78,2024-03-03,libreria,99.26766014797424,0.0162,1.6081360943971825
79,2024-03-03,celulares y pequenos electrodomesticos,88.59595454483011,0.0338,2.9945432636152574
80,2024-03-03,informatica,100.0,0.0203,2.03
81,2024-03-03,Electricidad,100.0,0.0212,2.12
82,2024-03-03,Leche/ productos lacteos/ huevos y alimentos vegetales,90.30293157197656,0.0748,6.754659281583847
83,2024-03-03,Bebidas alcoholicas y tabaco,101.49998369582937,0.0619,6.2828489907718374
84,2024-03-03,Aceites/ aderezos/ grasas y manteca,88.95141913738122,0.0097,0.8628287656325979
85,2024-03-03,Carnes y derivados,104.67063547551936,0.1781,18.641840178189998
86,2024-03-03,limpieza,100.0,0.01970000000000022,1.9700000000000222
87,2024-03-03,Azucar/ dulces/ chocolate/golosinas/ etc.,52.69671056171775,0.0227,1.196215329750993
88,2024-03-03,Pescados y mariscos,118.09508914607446,0.0099,1.1691413825461372
89,2024-03-03,Otros alimentos,163.265306122449,0.0093,1.5183673469387755
90,2024-03-03,cuidado oral,84.5245625131773,0.0081,0.6846489563567361
91,2024-03-03,farmacia,110.35889070146818,0.0162,1.7878140293637845
92,2024-03-03,Calzado,100.0,0.0466,4.66
93,2024-03-03,Alquileres,100.0,0.084,8.4
94,2024-03-03,sin TACC,85.80779618567384,0.0081,0.695043149103958
95,2024-03-03,Bebidas no alcoholicas,97.91980243510085,0.0555,5.434549035148097
96,2024-03-04,Alquileres,102.50752157504239,0.084,8.610631812303561
97,2024-03-04,Electricidad,100.0,0.0212,2.12
98,2024-03-04,Bebidas alcoholicas y tabaco,107.55209182508887,0.0619,6.657474483973
99,2024-03-04,farmacia,93.47471451876018,0.0162,1.5142903752039147
100,2024-03-04,cuidado oral,120.05060088551551,0.0081,0.9724098671726755
101,2024-03-04,Otros alimentos,163.265306122449,0.0093,1.5183673469387755
102,2024-03-04,Pescados y mariscos,112.48545511416954,0.0099,1.1136060056302786
103,2024-03-04,Azucar/ dulces/ chocolate/golosinas/ etc.,37.932725656253474,0.0227,0.861072872396954
104,2024-03-04,limpieza,90.95782471097333,0.01970000000000022,1.7918691468061947
105,2024-03-04,Carnes y derivados,116.04589785529764,0.1781,20.66777440802851
106,2024-03-04,Aceites/ aderezos/ grasas y manteca,60.01093372713997,0.0097,0.5821060571532577
107,2024-03-04,sin TACC,85.80779618567384,0.0081,0.695043149103958
108,2024-03-04,Bebidas no alcoholicas,97.91980243510085,0.0555,5.434549035148097
109,2024-03-04,informatica,100.0,0.0203,2.03
110,2024-03-04,celulares y pequenos electrodomesticos,87.0457879372507,0.0338,2.942147632279073
111,2024-03-04,libreria,99.26766014797424,0.0162,1.6081360943971825
112,2024-03-04,Prendas de vestir,99.84399377139033,0.1273,12.710140407097988
113,2024-03-04,Verduras/ tuberculos y legumbres,100.47395390657701,0.0544,5.465783092517789
114,2024-03-04,Frutas,64.02032694231833,0.0251,1.6069102062521903
115,2024-03-04,Pan / pastas y cereales,95.79883139634487,0.0971,9.302066528585087
116,2024-03-04,Leche/ productos lacteos/ huevos y alimentos vegetales,103.858164287854,0.0748,7.7685906887314795
117,2024-03-04,Calzado,100.0,0.0466,4.66
118,2024-03-05,farmacia,43.96411092985318,0.0162,0.7122185970636215
119,2024-03-05,Alquileres,102.7367944654685,0.084,8.629890735099355
120,2024-03-05,Calzado,100.0,0.0466,4.66
121,2024-03-05,Frutas,78.64598308833173,0.0251,1.9740141755171265
122,2024-03-05,Electricidad,100.0,0.0212,2.12
123,2024-03-05,cuidado oral,111.63820366856419,0.0081,0.9042694497153698
124,2024-03-05,Otros alimentos,163.265306122449,0.0093,1.5183673469387755
125,2024-03-05,Pescados y mariscos,112.48545511416954,0.0099,1.1136060056302786
126,2024-03-05,Azucar/ dulces/ chocolate/golosinas/ etc.,37.932725656253474,0.0227,0.861072872396954
127,2024-03-05,limpieza,124.80946844926694,0.01970000000000022,2.4587465284505865
128,2024-03-05,Pan / pastas y cereales,96.8592198693465,0.0971,9.405030249313546
129,2024-03-05,Aceites/ aderezos/ grasas y manteca,89.71029912272802,0.0097,0.8701899014904618
130,2024-03-05,Carnes y derivados,115.18639198072533,0.1781,20.514696411767183
131,2024-03-05,sin TACC,101.03464465622567,0.0081,0.8183806217154278
132,2024-03-05,Bebidas no alcoholicas,79.33758340366988,0.0555,4.403235878903678
133,2024-03-05,informatica,104.0053388297217,0.0203,2.11130837824335
134,2024-03-05,celulares y pequenos electrodomesticos,93.57101324449356,0.0338,3.162700247663882
135,2024-03-05,libreria,111.97404644043117,0.0162,1.8139795523349849
136,2024-03-05,Prendas de vestir,98.76970241726698,0.1273,12.573383117718087
137,2024-03-05,Verduras/ tuberculos y legumbres,74.87667131206186,0.0544,4.073290919376165
138,2024-03-05,Bebidas alcoholicas y tabaco,104.10082530947354,0.0619,6.443841086656412
139,2024-03-05,Leche/ productos lacteos/ huevos y alimentos vegetales,106.65213455099116,0.0748,7.977579664414139
140,2024-03-06,Alquileres,102.7367944654685,0.084,8.629890735099355
141,2024-03-06,Electricidad,100.0,0.0212,2.12
142,2024-03-06,limpieza,158.29684169734549,0.01970000000000022,3.118447781437741
143,2024-03-06,Calzado,100.0,0.0466,4.66
144,2024-03-06,farmacia,91.28641342344442,0.0162,1.4788398974597994
145,2024-03-06,cuidado oral,112.53831557436868,0.0081,0.9115603561523863
146,2024-03-06,Otros alimentos,68.33333333333333,0.0093,0.6355
147,2024-03-06,Pescados y mariscos,80.61486214754905,0.0099,0.7980871352607356
148,2024-03-06,Azucar/ dulces/ chocolate/golosinas/ etc.,86.85522827240862,0.0227,1.9716136817836758
149,2024-03-06,Aceites/ aderezos/ grasas y manteca,81.65142723707328,0.0097,0.7920188441996108
150,2024-03-06,Bebidas alcoholicas y tabaco,124.1662104471011,0.0619,7.685888426675557
151,2024-03-06,sin TACC,101.03464465622567,0.0081,0.8183806217154278
152,2024-03-06,Bebidas no alcoholicas,93.82467358778896,0.0555,5.207269384122288
153,2024-03-06,Carnes y derivados,115.56318736827704,0.1781,20.581803670290142
154,2024-03-06,informatica,107.7610402231848,0.0203,2.1875491165306515
155,2024-03-06,Leche/ productos lacteos/ huevos y alimentos vegetales,114.24626957357373,0.0748,8.545620964103316
156,2024-03-06,Frutas,127.34265501825574,0.0251,3.1963006409582193
157,2024-03-06,Verduras/ tuberculos y legumbres,65.0980627087754,0.0544,3.5413346113573816
158,2024-03-06,Prendas de vestir,98.76970241726698,0.1273,12.573383117718087
159,2024-03-06,Pan / pastas y cereales,96.3849245315,0.0971,9.358976172008651
160,2024-03-06,libreria,111.97408717344966,0.0162,1.8139802122098845
161,2024-03-06,celulares y pequenos electrodomesticos,101.28027922189258,0.0338,3.423273437699969
162,2024-03-07,sin TACC,101.03464465622567,0.0081,0.8183806217154278
163,2024-03-07,farmacia,93.57384866357133,0.0162,1.5158963483498553
164,2024-03-07,Alquileres,99.23948264067651,0.084,8.336116541816828
165,2024-03-07,Azucar/ dulces/ chocolate/golosinas/ etc.,86.4519204131006,0.0227,1.9624585933773837
166,2024-03-07,limpieza,166.9120971387974,0.01970000000000022,3.288168313634346
167,2024-03-07,Carnes y derivados,118.79750052782205,0.1781,21.15783484400511
168,2024-03-07,Aceites/ aderezos/ grasas y manteca,99.22360550584138,0.0097,0.9624689734066614
169,2024-03-07,Bebidas alcoholicas y tabaco,126.6821498968082,0.0619,7.841625078612427
170,2024-03-07,Calzado,100.0,0.0466,4.66
171,2024-03-07,Bebidas no alcoholicas,101.04195617146505,0.0555,5.60782856751631
172,2024-03-07,Otros alimentos,165.07936507936512,0.0093,1.5352380952380955
173,2024-03-07,informatica,104.0053388297217,0.0203,2.11130837824335
174,2024-03-07,celulares y pequenos electrodomesticos,106.85026288199157,0.0338,3.611538885411315
175,2024-03-07,libreria,111.22652428905455,0.0162,1.8018696934826837
176,2024-03-07,Prendas de vestir,100.615416911513,0.1273,12.808342572835604
177,2024-03-07,Verduras/ tuberculos y legumbres,95.04269233197921,0.0544,5.1703224628596685
178,2024-03-07,Frutas,108.89947316821842,0.0251,2.7333767765222823
179,2024-03-07,Pan / pastas y cereales,98.42904419513843,0.0971,9.557460191347943
180,2024-03-07,cuidado oral,124.7492545405259,0.0081,1.0104689617782596
181,2024-03-07,Electricidad,100.0,0.0212,2.12
182,2024-03-07,Leche/ productos lacteos/ huevos y alimentos vegetales,108.14977704315734,0.0748,8.08960332282817
183,2024-03-07,Pescados y mariscos,98.80012511729745,0.0099,0.9781212386612449
184,2024-03-08,Alquileres,99.23948264067651,0.084,8.336116541816828
185,2024-03-08,Electricidad,100.0,0.0212,2.12
186,2024-03-08,Prendas de vestir,100.43994068161307,0.1273,12.786004448769344
187,2024-03-08,Pan / pastas y cereales,95.55732054889755,0.0971,9.278615825297953
188,2024-03-08,Calzado,100.0,0.0466,4.66
189,2024-03-08,farmacia,93.57384866357133,0.0162,1.5158963483498553
190,2024-03-08,cuidado oral,118.74341134303184,0.0081,0.9618216318785578
191,2024-03-08,Otros alimentos,125.27210884353741,0.0093,1.165030612244898
192,2024-03-08,Pescados y mariscos,94.29777916796998,0.0099,0.9335480137629029
193,2024-03-08,Azucar/ dulces/ chocolate/golosinas/ etc.,86.4519204131006,0.0227,1.9624585933773837
194,2024-03-08,limpieza,168.05313354431743,0.01970000000000022,3.3106467308230907
195,2024-03-08,Aceites/ aderezos/ grasas y manteca,90.20467106134866,0.0097,0.874985309295082
196,2024-03-08,Carnes y derivados,115.0574813495209,0.1781,20.491737428349673
197,2024-03-08,sin TACC,101.03464465622567,0.0081,0.8183806217154278
198,2024-03-08,Bebidas no alcoholicas,102.1500614127671,0.0555,5.669328408408574
199,2024-03-08,Leche/ productos lacteos/ huevos y alimentos vegetales,95.23912397779071,0.0748,7.123886473538746
200,2024-03-08,informatica,113.78672913179592,0.0203,2.309870601375457
201,2024-03-08,celulares y pequenos electrodomesticos,103.14121223964104,0.0338,3.486172973699867
202,2024-03-08,libreria,112.21058888596738,0.0162,1.8178115399526715
203,2024-03-08,Frutas,111.58365286223886,0.0251,2.8007496868421957
204,2024-03-08,Bebidas alcoholicas y tabaco,127.0752487176812,0.0619,7.865957895624466
205,2024-03-08,Verduras/ tuberculos y legumbres,76.70381934837886,0.0544,4.17268777255181
206,2024-03-09,Frutas,106.51951535509913,0.0251,2.673639835412988
207,2024-03-09,Pan / pastas y cereales,83.65945504292142,0.0971,8.12333308466767
208,2024-03-09,Verduras/ tuberculos y legumbres,154.05124811913004,0.0544,8.380387897680674
209,2024-03-09,libreria,112.21058888596738,0.0162,1.8178115399526715
210,2024-03-09,Alquileres,99.23948264067651,0.084,8.336116541816828
211,2024-03-09,Calzado,100.0,0.0466,4.66
212,2024-03-09,farmacia,48.48015225666123,0.0162,0.7853784665579119
213,2024-03-09,cuidado oral,61.65085388994307,0.0081,0.49937191650853885
214,2024-03-09,Otros alimentos,113.24252630739797,0.0093,1.053155494658801
215,2024-03-09,Pescados y mariscos,117.41007194244604,0.0099,1.1623597122302158
216,2024-03-09,Azucar/ dulces/ chocolate/golosinas/ etc.,167.8768964369689,0.0227,3.8108055491191943
217,2024-03-09,Prendas de vestir,93.93892194449222,0.1273,11.95842476353386
218,2024-03-09,limpieza,155.99689982561517,0.01970000000000022,3.073138926564653
219,2024-03-09,Aceites/ aderezos/ grasas y manteca,80.16009314306858,0.0097,0.7775529034877653
220,2024-03-09,Bebidas alcoholicas y tabaco,125.89591371045306,0.0619,7.792957058677044
221,2024-03-09,sin TACC,101.03464465622567,0.0081,0.8183806217154278
222,2024-03-09,Bebidas no alcoholicas,107.95978345110792,0.0555,5.99176798153649
223,2024-03-09,Leche/ productos lacteos/ huevos y alimentos vegetales,92.34146598194948,0.0748,6.907141655449822
224,2024-03-09,informatica,89.25250283259328,0.0203,1.8118258075016433
225,2024-03-09,celulares y pequenos electrodomesticos,90.56807108399377,0.0338,3.061200802638989
226,2024-03-09,Carnes y derivados,96.39355629552118,0.1781,17.167692376232324
227,2024-03-09,Electricidad,100.0,0.0212,2.12
